{"job_id": 31, "job_name": "5555", "N0": 0.006285714285714286, "N1": 0.07536202531645568, "N2": 0.06856708860759494, "N3": 0.002187763713080169, "N4": 0.11668073136427567, "N5": 0.5834036568213784}